stage	ns
features	33480773
conv0	157474786
im2col	42976258
gemm_fe	5224880786
gemm_k704	3244621398
layernorm	45235687
gemm	7502316027
quant	159265712
act	86352699
qkv_int8	62615055
pos	28870495
attention	1817949292
dwconv	63808939
head+dec	154765427

kernel	share_of_macs	macs
dot_rows_s8	0.5254	19645902848
gemm_s8_xr	0.4251	15897704064
dot48_rows	0.0495	1851162624
gemm_blk16	0.0000	0

kernel	kp	T	nb	ld	calls	macs	share
gemm_s8_xr	176	64	16	704	62192	11208491008	0.2997
dot_rows_s8	416	60	1	1584	323664	8078653440	0.2160
dot_rows_s8	704	64	1	704	129536	5836374016	0.1561
dot_rows_s8	336	60	1	1584	107888	2175022080	0.0582
gemm_s8_xr	176	47	16	704	13520	1789399040	0.0479
gemm_s8_xr	176	64	16	176	8976	1617690624	0.0433
dot48_rows	48	175	1	48	112000	940800000	0.0252
dot_rows_s8	704	47	1	704	28160	931758080	0.0249
dot_rows_s8	512	64	1	3520	24288	795869184	0.0213
dot_rows_s8	176	44	1	176	56000	433664000	0.0116
gemm_s8_xr	176	33	16	704	2704	251277312	0.0067
dot48_rows	48	199	1	48	25472	243308544	0.0065
gemm_s8_xr	176	30	16	704	2704	228433920	0.0061
dot48_rows	48	192	1	48	24576	226492416	0.0061
gemm_s8_xr	176	28	16	704	2704	213204992	0.0057
gemm_s8_xr	176	26	16	704	2704	197976064	0.0053
dot48_rows	48	156	1	48	19968	149520384	0.0040
dot_rows_s8	160	44	1	160	19264	135618560	0.0036
dot_rows_s8	704	33	1	704	5632	130842624	0.0035
gemm_s8_xr	176	17	16	704	2704	129445888	0.0035
dot48_rows	48	145	1	48	18560	129177600	0.0035
dot_rows_s8	512	47	1	3520	5280	127057920	0.0034
dot_rows_s8	704	30	1	704	5632	118947840	0.0032
dot_rows_s8	208	44	1	208	12736	116559872	0.0031
dot_rows_s8	448	64	1	3520	4048	116064256	0.0031
dot_rows_s8	704	28	1	704	5632	111017984	0.0030
dot_rows_s8	192	44	1	192	12288	103809024	0.0028
dot_rows_s8	704	26	1	704	5632	103088128	0.0028
gemm_s8_xr	176	29	16	176	880	71864320	0.0019
dot_rows_s8	704	17	1	704	5632	67403776	0.0018
dot48_rows	48	97	1	48	12416	57808896	0.0015
dot48_rows	48	94	1	48	12032	54288384	0.0015
gemm_s8_xr	176	7	16	704	2704	53301248	0.0014
dot48_rows	48	90	1	48	11520	49766400	0.0013
dot_rows_s8	96	44	1	96	11776	49741824	0.0013
dot_rows_s8	416	20	1	1584	4752	39536640	0.0011
gemm_s8_xr	176	63	16	176	176	31223808	0.0008
dot_rows_s8	112	44	1	112	6208	30593024	0.0008
gemm_s8_xr	176	59	16	176	176	29241344	0.0008
dot_rows_s8	704	7	1	704	5632	27754496	0.0007
gemm_s8_xr	176	55	16	176	176	27258880	0.0007
gemm_s8_xr	176	51	16	176	176	25276416	0.0007
dot_rows_s8	448	47	1	3520	880	18529280	0.0005
dot_rows_s8	512	33	1	3520	1056	17842176	0.0005
gemm_s8_xr	176	33	16	176	176	16355328	0.0004
dot_rows_s8	512	30	1	3520	1056	16220160	0.0004
dot_rows_s8	512	28	1	3520	1056	15138816	0.0004
dot_rows_s8	512	26	1	3520	1056	14057472	0.0004
dot_rows_s8	336	20	1	1584	1584	10644480	0.0003
dot_rows_s8	512	17	1	3520	1056	9191424	0.0002
gemm_s8_xr	176	13	16	176	176	6443008	0.0002
dot_rows_s8	512	7	1	3520	1056	3784704	0.0001
dot_rows_s8	448	33	1	3520	176	2601984	0.0001
dot_rows_s8	448	30	1	3520	176	2365440	0.0001
dot_rows_s8	448	28	1	3520	176	2207744	0.0001
dot_rows_s8	448	26	1	3520	176	2050048	0.0001
dot_rows_s8	448	17	1	3520	176	1340416	0.0000
dot_rows_s8	448	7	1	3520	176	551936	0.0000
gemm_s8_xr	176	1	16	176	176	495616	0.0000
gemm_s8_xr	176	64	1	704	23	259072	0.0000
gemm_s8_xr	176	47	1	704	5	41360	0.0000
gemm_s8_xr	176	33	1	704	1	5808	0.0000
gemm_s8_xr	176	30	1	704	1	5280	0.0000
gemm_s8_xr	176	28	1	704	1	4928	0.0000
gemm_s8_xr	176	26	1	704	1	4576	0.0000
gemm_s8_xr	176	17	1	704	1	2992	0.0000
gemm_s8_xr	176	7	1	704	1	1232	0.0000
