stream	condition	start_sample	end_sample	reference
quiet_0dB__real_20.wav	quiet_0dB	24000	123648	no such authority was given for the court of appeal whose registries remained closed
quiet_0dB__real_21.wav	quiet_0dB	24000	146688	the performance was recorded and later released on a live album titled late orchestration
quiet_0dB__real_22.wav	quiet_0dB	24000	116160	he has been locked up so long he has been mostly forgotten about
quiet_0dB__real_23.wav	quiet_0dB	24000	84159	the qatari government and the football authorities must take notice
quiet_0dB__real_24.wav	quiet_0dB	24000	151040	the court still sees scope for further improving the quality of spending by simply applying the current system to its full potential
quiet_0dB__real_25.wav	quiet_0dB	24000	81121	so that indicates that there's an menu under that menu
quiet_0dB__real_26.wav	quiet_0dB	24000	85440	yeah i think of it in terms of you know not even maybe to well
quiet_0dB__rooms_00.wav	quiet_0dB	24000	135920	it is such a noble ambition that it is a pity it has usually such a shallow foundation
quiet_0dB__rooms_01.wav	quiet_0dB	24000	135920	it is such a noble ambition that it is a pity it has usually such a shallow foundation
quiet_0dB__rooms_02.wav	quiet_0dB	24000	135920	it is such a noble ambition that it is a pity it has usually such a shallow foundation
quiet_0dB__rooms_03.wav	quiet_0dB	24000	135920	it is such a noble ambition that it is a pity it has usually such a shallow foundation
quiet_0dB__rooms_04.wav	quiet_0dB	24000	135920	it is such a noble ambition that it is a pity it has usually such a shallow foundation
quiet_0dB__rooms_05.wav	quiet_0dB	24000	135920	it is such a noble ambition that it is a pity it has usually such a shallow foundation
quiet_0dB__rooms_06.wav	quiet_0dB	24000	135920	it is such a noble ambition that it is a pity it has usually such a shallow foundation
quiet_0dB__rooms_07.wav	quiet_0dB	24000	135920	it is such a noble ambition that it is a pity it has usually such a shallow foundation
quiet_0dB__rooms_08.wav	quiet_0dB	24000	135920	it is such a noble ambition that it is a pity it has usually such a shallow foundation
quiet_0dB__rooms_09.wav	quiet_0dB	24000	135920	it is such a noble ambition that it is a pity it has usually such a shallow foundation
quiet_0dB__rooms_10.wav	quiet_0dB	24000	193600	in actual fact there are doubtless various factors that concur in giving us the feeling of greater or less remoteness in some remembered event
quiet_0dB__rooms_11.wav	quiet_0dB	24000	193600	in actual fact there are doubtless various factors that concur in giving us the feeling of greater or less remoteness in some remembered event
quiet_0dB__rooms_12.wav	quiet_0dB	24000	193600	in actual fact there are doubtless various factors that concur in giving us the feeling of greater or less remoteness in some remembered event
quiet_0dB__rooms_13.wav	quiet_0dB	24000	193600	in actual fact there are doubtless various factors that concur in giving us the feeling of greater or less remoteness in some remembered event
quiet_0dB__rooms_14.wav	quiet_0dB	24000	193600	in actual fact there are doubtless various factors that concur in giving us the feeling of greater or less remoteness in some remembered event
quiet_0dB__rooms_15.wav	quiet_0dB	24000	193600	in actual fact there are doubtless various factors that concur in giving us the feeling of greater or less remoteness in some remembered event
quiet_0dB__rooms_16.wav	quiet_0dB	24000	193600	in actual fact there are doubtless various factors that concur in giving us the feeling of greater or less remoteness in some remembered event
quiet_0dB__rooms_17.wav	quiet_0dB	24000	193600	in actual fact there are doubtless various factors that concur in giving us the feeling of greater or less remoteness in some remembered event
quiet_0dB__rooms_18.wav	quiet_0dB	24000	193600	in actual fact there are doubtless various factors that concur in giving us the feeling of greater or less remoteness in some remembered event
quiet_0dB__rooms_19.wav	quiet_0dB	24000	193600	in actual fact there are doubtless various factors that concur in giving us the feeling of greater or less remoteness in some remembered event
quiet_m20dB__real_20.wav	quiet_m20dB	24000	123648	no such authority was given for the court of appeal whose registries remained closed
quiet_m20dB__real_21.wav	quiet_m20dB	24000	146688	the performance was recorded and later released on a live album titled late orchestration
quiet_m20dB__real_22.wav	quiet_m20dB	24000	116160	he has been locked up so long he has been mostly forgotten about
quiet_m20dB__real_23.wav	quiet_m20dB	24000	84159	the qatari government and the football authorities must take notice
quiet_m20dB__real_24.wav	quiet_m20dB	24000	151040	the court still sees scope for further improving the quality of spending by simply applying the current system to its full potential
quiet_m20dB__real_25.wav	quiet_m20dB	24000	81121	so that indicates that there's an menu under that menu
quiet_m20dB__real_26.wav	quiet_m20dB	24000	85440	yeah i think of it in terms of you know not even maybe to well
quiet_m20dB__rooms_00.wav	quiet_m20dB	24000	135920	it is such a noble ambition that it is a pity it has usually such a shallow foundation
quiet_m20dB__rooms_01.wav	quiet_m20dB	24000	135920	it is such a noble ambition that it is a pity it has usually such a shallow foundation
quiet_m20dB__rooms_02.wav	quiet_m20dB	24000	135920	it is such a noble ambition that it is a pity it has usually such a shallow foundation
quiet_m20dB__rooms_03.wav	quiet_m20dB	24000	135920	it is such a noble ambition that it is a pity it has usually such a shallow foundation
quiet_m20dB__rooms_04.wav	quiet_m20dB	24000	135920	it is such a noble ambition that it is a pity it has usually such a shallow foundation
quiet_m20dB__rooms_05.wav	quiet_m20dB	24000	135920	it is such a noble ambition that it is a pity it has usually such a shallow foundation
quiet_m20dB__rooms_06.wav	quiet_m20dB	24000	135920	it is such a noble ambition that it is a pity it has usually such a shallow foundation
quiet_m20dB__rooms_07.wav	quiet_m20dB	24000	135920	it is such a noble ambition that it is a pity it has usually such a shallow foundation
quiet_m20dB__rooms_08.wav	quiet_m20dB	24000	135920	it is such a noble ambition that it is a pity it has usually such a shallow foundation
quiet_m20dB__rooms_09.wav	quiet_m20dB	24000	135920	it is such a noble ambition that it is a pity it has usually such a shallow foundation
quiet_m20dB__rooms_10.wav	quiet_m20dB	24000	193600	in actual fact there are doubtless various factors that concur in giving us the feeling of greater or less remoteness in some remembered event
quiet_m20dB__rooms_11.wav	quiet_m20dB	24000	193600	in actual fact there are doubtless various factors that concur in giving us the feeling of greater or less remoteness in some remembered event
quiet_m20dB__rooms_12.wav	quiet_m20dB	24000	193600	in actual fact there are doubtless various factors that concur in giving us the feeling of greater or less remoteness in some remembered event
quiet_m20dB__rooms_13.wav	quiet_m20dB	24000	193600	in actual fact there are doubtless various factors that concur in giving us the feeling of greater or less remoteness in some remembered event
quiet_m20dB__rooms_14.wav	quiet_m20dB	24000	193600	in actual fact there are doubtless various factors that concur in giving us the feeling of greater or less remoteness in some remembered event
quiet_m20dB__rooms_15.wav	quiet_m20dB	24000	193600	in actual fact there are doubtless various factors that concur in giving us the feeling of greater or less remoteness in some remembered event
quiet_m20dB__rooms_16.wav	quiet_m20dB	24000	193600	in actual fact there are doubtless various factors that concur in giving us the feeling of greater or less remoteness in some remembered event
quiet_m20dB__rooms_17.wav	quiet_m20dB	24000	193600	in actual fact there are doubtless various factors that concur in giving us the feeling of greater or less remoteness in some remembered event
quiet_m20dB__rooms_18.wav	quiet_m20dB	24000	193600	in actual fact there are doubtless various factors that concur in giving us the feeling of greater or less remoteness in some remembered event
quiet_m20dB__rooms_19.wav	quiet_m20dB	24000	193600	in actual fact there are doubtless various factors that concur in giving us the feeling of greater or less remoteness in some remembered event
quiet_negative__noise0.wav	quiet_negative	-1	-1	
quiet_negative__noise1.wav	quiet_negative	-1	-1	
quiet_negative__noise2.wav	quiet_negative	-1	-1	
noisy_0dB__real_20.wav	noisy_0dB	24000	123648	no such authority was given for the court of appeal whose registries remained closed
noisy_0dB__real_21.wav	noisy_0dB	24000	146688	the performance was recorded and later released on a live album titled late orchestration
noisy_0dB__real_22.wav	noisy_0dB	24000	116160	he has been locked up so long he has been mostly forgotten about
noisy_0dB__real_23.wav	noisy_0dB	24000	84159	the qatari government and the football authorities must take notice
noisy_0dB__real_24.wav	noisy_0dB	24000	151040	the court still sees scope for further improving the quality of spending by simply applying the current system to its full potential
noisy_0dB__real_25.wav	noisy_0dB	24000	81121	so that indicates that there's an menu under that menu
noisy_0dB__real_26.wav	noisy_0dB	24000	85440	yeah i think of it in terms of you know not even maybe to well
noisy_0dB__rooms_00.wav	noisy_0dB	24000	135920	it is such a noble ambition that it is a pity it has usually such a shallow foundation
noisy_0dB__rooms_01.wav	noisy_0dB	24000	135920	it is such a noble ambition that it is a pity it has usually such a shallow foundation
noisy_0dB__rooms_02.wav	noisy_0dB	24000	135920	it is such a noble ambition that it is a pity it has usually such a shallow foundation
noisy_0dB__rooms_03.wav	noisy_0dB	24000	135920	it is such a noble ambition that it is a pity it has usually such a shallow foundation
noisy_0dB__rooms_04.wav	noisy_0dB	24000	135920	it is such a noble ambition that it is a pity it has usually such a shallow foundation
noisy_0dB__rooms_05.wav	noisy_0dB	24000	135920	it is such a noble ambition that it is a pity it has usually such a shallow foundation
noisy_0dB__rooms_06.wav	noisy_0dB	24000	135920	it is such a noble ambition that it is a pity it has usually such a shallow foundation
noisy_0dB__rooms_07.wav	noisy_0dB	24000	135920	it is such a noble ambition that it is a pity it has usually such a shallow foundation
noisy_0dB__rooms_08.wav	noisy_0dB	24000	135920	it is such a noble ambition that it is a pity it has usually such a shallow foundation
noisy_0dB__rooms_09.wav	noisy_0dB	24000	135920	it is such a noble ambition that it is a pity it has usually such a shallow foundation
noisy_0dB__rooms_10.wav	noisy_0dB	24000	193600	in actual fact there are doubtless various factors that concur in giving us the feeling of greater or less remoteness in some remembered event
noisy_0dB__rooms_11.wav	noisy_0dB	24000	193600	in actual fact there are doubtless various factors that concur in giving us the feeling of greater or less remoteness in some remembered event
noisy_0dB__rooms_12.wav	noisy_0dB	24000	193600	in actual fact there are doubtless various factors that concur in giving us the feeling of greater or less remoteness in some remembered event
noisy_0dB__rooms_13.wav	noisy_0dB	24000	193600	in actual fact there are doubtless various factors that concur in giving us the feeling of greater or less remoteness in some remembered event
noisy_0dB__rooms_14.wav	noisy_0dB	24000	193600	in actual fact there are doubtless various factors that concur in giving us the feeling of greater or less remoteness in some remembered event
noisy_0dB__rooms_15.wav	noisy_0dB	24000	193600	in actual fact there are doubtless various factors that concur in giving us the feeling of greater or less remoteness in some remembered event
noisy_0dB__rooms_16.wav	noisy_0dB	24000	193600	in actual fact there are doubtless various factors that concur in giving us the feeling of greater or less remoteness in some remembered event
noisy_0dB__rooms_17.wav	noisy_0dB	24000	193600	in actual fact there are doubtless various factors that concur in giving us the feeling of greater or less remoteness in some remembered event
noisy_0dB__rooms_18.wav	noisy_0dB	24000	193600	in actual fact there are doubtless various factors that concur in giving us the feeling of greater or less remoteness in some remembered event
noisy_0dB__rooms_19.wav	noisy_0dB	24000	193600	in actual fact there are doubtless various factors that concur in giving us the feeling of greater or less remoteness in some remembered event
noisy_m20dB__real_20.wav	noisy_m20dB	24000	123648	no such authority was given for the court of appeal whose registries remained closed
noisy_m20dB__real_21.wav	noisy_m20dB	24000	146688	the performance was recorded and later released on a live album titled late orchestration
noisy_m20dB__real_22.wav	noisy_m20dB	24000	116160	he has been locked up so long he has been mostly forgotten about
noisy_m20dB__real_23.wav	noisy_m20dB	24000	84159	the qatari government and the football authorities must take notice
noisy_m20dB__real_24.wav	noisy_m20dB	24000	151040	the court still sees scope for further improving the quality of spending by simply applying the current system to its full potential
noisy_m20dB__real_25.wav	noisy_m20dB	24000	81121	so that indicates that there's an menu under that menu
noisy_m20dB__real_26.wav	noisy_m20dB	24000	85440	yeah i think of it in terms of you know not even maybe to well
noisy_m20dB__rooms_00.wav	noisy_m20dB	24000	135920	it is such a noble ambition that it is a pity it has usually such a shallow foundation
noisy_m20dB__rooms_01.wav	noisy_m20dB	24000	135920	it is such a noble ambition that it is a pity it has usually such a shallow foundation
noisy_m20dB__rooms_02.wav	noisy_m20dB	24000	135920	it is such a noble ambition that it is a pity it has usually such a shallow foundation
noisy_m20dB__rooms_03.wav	noisy_m20dB	24000	135920	it is such a noble ambition that it is a pity it has usually such a shallow foundation
noisy_m20dB__rooms_04.wav	noisy_m20dB	24000	135920	it is such a noble ambition that it is a pity it has usually such a shallow foundation
noisy_m20dB__rooms_05.wav	noisy_m20dB	24000	135920	it is such a noble ambition that it is a pity it has usually such a shallow foundation
noisy_m20dB__rooms_06.wav	noisy_m20dB	24000	135920	it is such a noble ambition that it is a pity it has usually such a shallow foundation
noisy_m20dB__rooms_07.wav	noisy_m20dB	24000	135920	it is such a noble ambition that it is a pity it has usually such a shallow foundation
noisy_m20dB__rooms_08.wav	noisy_m20dB	24000	135920	it is such a noble ambition that it is a pity it has usually such a shallow foundation
noisy_m20dB__rooms_09.wav	noisy_m20dB	24000	135920	it is such a noble ambition that it is a pity it has usually such a shallow foundation
noisy_m20dB__rooms_10.wav	noisy_m20dB	24000	193600	in actual fact there are doubtless various factors that concur in giving us the feeling of greater or less remoteness in some remembered event
noisy_m20dB__rooms_11.wav	noisy_m20dB	24000	193600	in actual fact there are doubtless various factors that concur in giving us the feeling of greater or less remoteness in some remembered event
noisy_m20dB__rooms_12.wav	noisy_m20dB	24000	193600	in actual fact there are doubtless various factors that concur in giving us the feeling of greater or less remoteness in some remembered event
noisy_m20dB__rooms_13.wav	noisy_m20dB	24000	193600	in actual fact there are doubtless various factors that concur in giving us the feeling of greater or less remoteness in some remembered event
noisy_m20dB__rooms_14.wav	noisy_m20dB	24000	193600	in actual fact there are doubtless various factors that concur in giving us the feeling of greater or less remoteness in some remembered event
noisy_m20dB__rooms_15.wav	noisy_m20dB	24000	193600	in actual fact there are doubtless various factors that concur in giving us the feeling of greater or less remoteness in some remembered event
noisy_m20dB__rooms_16.wav	noisy_m20dB	24000	193600	in actual fact there are doubtless various factors that concur in giving us the feeling of greater or less remoteness in some remembered event
noisy_m20dB__rooms_17.wav	noisy_m20dB	24000	193600	in actual fact there are doubtless various factors that concur in giving us the feeling of greater or less remoteness in some remembered event
noisy_m20dB__rooms_18.wav	noisy_m20dB	24000	193600	in actual fact there are doubtless various factors that concur in giving us the feeling of greater or less remoteness in some remembered event
noisy_m20dB__rooms_19.wav	noisy_m20dB	24000	193600	in actual fact there are doubtless various factors that concur in giving us the feeling of greater or less remoteness in some remembered event
noisy_negative__noise0.wav	noisy_negative	-1	-1	
noisy_negative__noise1.wav	noisy_negative	-1	-1	
noisy_negative__noise2.wav	noisy_negative	-1	-1	
pair_gap500ms__real_20+real_21.wav	pair_gap500ms	24000	123648	no such authority was given for the court of appeal whose registries remained closed
pair_gap500ms__real_20+real_21.wav	pair_gap500ms	131648	254336	the performance was recorded and later released on a live album titled late orchestration
pair_gap500ms__real_22+real_23.wav	pair_gap500ms	24000	116160	he has been locked up so long he has been mostly forgotten about
pair_gap500ms__real_22+real_23.wav	pair_gap500ms	124160	184319	the qatari government and the football authorities must take notice
pair_gap500ms__real_24+real_25.wav	pair_gap500ms	24000	151040	the court still sees scope for further improving the quality of spending by simply applying the current system to its full potential
pair_gap500ms__real_24+real_25.wav	pair_gap500ms	159040	216161	so that indicates that there's an menu under that menu
pair_gap500ms__real_26+rooms_00.wav	pair_gap500ms	24000	85440	yeah i think of it in terms of you know not even maybe to well
pair_gap500ms__real_26+rooms_00.wav	pair_gap500ms	93440	205360	it is such a noble ambition that it is a pity it has usually such a shallow foundation
pair_gap500ms__rooms_02+rooms_10.wav	pair_gap500ms	24000	135920	it is such a noble ambition that it is a pity it has usually such a shallow foundation
pair_gap500ms__rooms_02+rooms_10.wav	pair_gap500ms	143920	313520	in actual fact there are doubtless various factors that concur in giving us the feeling of greater or less remoteness in some remembered event
pair_gap500ms__rooms_12+real_22.wav	pair_gap500ms	24000	193600	in actual fact there are doubtless various factors that concur in giving us the feeling of greater or less remoteness in some remembered event
pair_gap500ms__rooms_12+real_22.wav	pair_gap500ms	201600	293760	he has been locked up so long he has been mostly forgotten about
pair_gap1200ms__real_20+real_21.wav	pair_gap1200ms	24000	123648	no such authority was given for the court of appeal whose registries remained closed
pair_gap1200ms__real_20+real_21.wav	pair_gap1200ms	142848	265536	the performance was recorded and later released on a live album titled late orchestration
pair_gap1200ms__real_22+real_23.wav	pair_gap1200ms	24000	116160	he has been locked up so long he has been mostly forgotten about
pair_gap1200ms__real_22+real_23.wav	pair_gap1200ms	135360	195519	the qatari government and the football authorities must take notice
pair_gap1200ms__real_24+real_25.wav	pair_gap1200ms	24000	151040	the court still sees scope for further improving the quality of spending by simply applying the current system to its full potential
pair_gap1200ms__real_24+real_25.wav	pair_gap1200ms	170240	227361	so that indicates that there's an menu under that menu
pair_gap1200ms__real_26+rooms_00.wav	pair_gap1200ms	24000	85440	yeah i think of it in terms of you know not even maybe to well
pair_gap1200ms__real_26+rooms_00.wav	pair_gap1200ms	104640	216560	it is such a noble ambition that it is a pity it has usually such a shallow foundation
pair_gap1200ms__rooms_02+rooms_10.wav	pair_gap1200ms	24000	135920	it is such a noble ambition that it is a pity it has usually such a shallow foundation
pair_gap1200ms__rooms_02+rooms_10.wav	pair_gap1200ms	155120	324720	in actual fact there are doubtless various factors that concur in giving us the feeling of greater or less remoteness in some remembered event
pair_gap1200ms__rooms_12+real_22.wav	pair_gap1200ms	24000	193600	in actual fact there are doubtless various factors that concur in giving us the feeling of greater or less remoteness in some remembered event
pair_gap1200ms__rooms_12+real_22.wav	pair_gap1200ms	212800	304960	he has been locked up so long he has been mostly forgotten about
